<?xml version="1.0" encoding="UTF-8"?>
<jcr:root xmlns:sling="http://sling.apache.org/jcr/sling/1.0" xmlns:cq="http://www.day.com/jcr/cq/1.0" xmlns:jcr="http://www.jcp.org/jcr/1.0" xmlns:mix="http://www.jcp.org/jcr/mix/1.0" xmlns:nt="http://www.jcp.org/jcr/nt/1.0"
    jcr:primaryType="cq:Page">
    <jcr:content
        cq:contextHubPath="/etc/cloudsettings/default/contexthub"
        cq:contextHubSegmentsPath="/etc/segmentation/contexthub"
        cq:lastModified="{Date}2018-02-05T11:12:52.849+05:30"
        cq:lastModifiedBy="admin"
        cq:lastReplicated="{Date}2018-02-03T19:06:29.188+05:30"
        cq:lastReplicatedBy="admin"
        cq:lastReplicationAction="Activate"
        cq:template="/apps/MakeYourTrip/templates/Contentpage"
        jcr:isCheckedOut="{Boolean}true"
        jcr:mixinTypes="[mix:versionable]"
        jcr:primaryType="cq:PageContent"
        jcr:title="English"
        jcr:uuid="9478b2ca-1887-4a7a-83d3-9752524c12da"
        sling:resourceType="MakeYourTrip/components/structure/Contentpage">
        <header
            jcr:lastModified="{Date}2018-01-24T09:53:25.488+05:30"
            jcr:lastModifiedBy="admin"
            jcr:primaryType="nt:unstructured"
            jcr:url="/content/MakeYourTrip/en/home-page.html"
            sling:resourceType="MakeYourTrip/components/structure/header"
            fileReference="/content/dam/simple/images/red.png"/>
        <image jcr:primaryType="nt:unstructured">
            <file/>
        </image>
    </jcr:content>
    <home-page/>
    <Packages/>
    <location/>
    <offers/>
    <about-us/>
</jcr:root>
