<beans xmlns="http://www.springframework.org/schema/beans"
	xmlns:context="http://www.springframework.org/schema/context"
	xmlns:mvc="http://www.springframework.org/schema/mvc" xmlns:xsi="http://www.w3.org/2001/XMLSchema-instance"
	xsi:schemaLocation="
        http://www.springframework.org/schema/beans     
        http://www.springframework.org/schema/beans/spring-beans-3.0.xsd
        http://www.springframework.org/schema/context 
        http://www.springframework.org/schema/context/spring-context-3.0.xsd
        http://www.springframework.org/schema/mvc
        http://www.springframework.org/schema/mvc/spring-mvc-3.0.xsd">

	<context:component-scan base-package="com.mindtree.common.controller" />

	<mvc:annotation-driven />

	<!-- Map returned view name "rssViewer" to bean id "rssViewer" 
	<bean class="org.springframework.web.servlet.view.BeanNameViewResolver" />
	
	<bean id="xmlViewer" 
		class="org.springframework.web.servlet.view.xml.MarshallingView">
		<constructor-arg>
			<bean class="org.springframework.oxm.jaxb.Jaxb2Marshaller">
				<property name="classesToBeBound">
					<list>
						<value>com.mindtree.common.model.Coffee</value>
					</list>
				</property>
			</bean>
		</constructor-arg>
	</bean>
	-->

</beans>